"Fecha","Último","Apertura","Máximo","Mínimo","Vol.","% var."
"01.11.2023","4.102,50","4.114,50","4.130,65","4.080,00","","-0,32%"
"31.10.2023","4.115,50","4.062,20","4.145,70","4.044,22","","1,30%"
"30.10.2023","4.062,50","4.042,50","4.084,01","4.028,60","","-0,85%"
"27.10.2023","4.097,50","4.126,50","4.145,98","4.085,59","","-0,85%"
"26.10.2023","4.132,50","4.183,10","4.190,23","4.123,96","","-1,15%"
"25.10.2023","4.180,60","4.212,01","4.231,57","4.183,00","","-0,71%"
"24.10.2023","4.210,50","4.220,00","4.232,98","4.197,38","","-0,17%"
"23.10.2023","4.217,50","4.226,22","4.244,00","4.208,58","","-0,38%"
"20.10.2023","4.233,50","4.274,00","4.274,00","4.221,96","","-0,94%"
"19.10.2023","4.273,50","4.253,56","4.276,00","4.232,79","","0,61%"
"18.10.2023","4.247,50","4.197,52","4.261,20","4.174,44","","1,37%"
"17.10.2023","4.190,10","4.240,76","4.265,05","4.183,50","","-1,18%"
"16.10.2023","4.240,00","4.240,76","4.243,13","4.238,63","","0,13%"
"13.10.2023","4.234,50","4.261,98","4.273,70","4.218,26","","-1,01%"
"12.10.2023","4.277,50","4.220,00","4.287,70","4.199,40","","1,57%"
"11.10.2023","4.211,50","4.230,79","4.243,73","4.165,80","","-0,16%"
"10.10.2023","4.218,45","4.316,15","4.323,42","4.209,94","","-2,21%"
"09.10.2023","4.313,72","4.316,50","4.343,50","4.311,08","","-0,24%"
"06.10.2023","4.324,00","4.346,95","4.432,40","4.306,94","","-0,40%"
"05.10.2023","4.341,50","4.289,10","4.388,40","4.287,00","","1,24%"
"04.10.2023","4.288,50","4.217,50","4.302,00","4.167,90","","1,55%"
"03.10.2023","4.222,85","4.166,50","4.227,15","4.136,83","","1,52%"
"02.10.2023","4.159,50","4.077,67","4.167,50","4.073,39","","2,07%"
"29.09.2023","4.075,00","4.062,00","4.086,75","4.032,09","","0,28%"
"28.09.2023","4.063,50","4.104,59","4.113,09","4.061,69","","-1,13%"
"27.09.2023","4.110,00","4.068,95","4.129,64","4.058,55","","1,04%"
"26.09.2023","4.067,50","4.051,48","4.081,64","4.041,90","","0,39%"
"25.09.2023","4.051,50","3.986,04","4.069,00","3.981,98","","1,45%"
"22.09.2023","3.993,50","3.936,54","4.001,00","3.914,74","","1,17%"
"21.09.2023","3.947,50","3.911,15","3.963,13","3.911,15","","0,71%"
"20.09.2023","3.919,50","3.914,07","3.930,75","3.867,48","","-0,20%"
"19.09.2023","3.927,50","3.895,39","3.930,00","3.875,39","","0,67%"
"18.09.2023","3.901,35","3.930,00","3.930,48","3.889,24","","-0,67%"
"15.09.2023","3.927,50","3.918,43","3.937,85","3.905,17","","-0,08%"
"14.09.2023","3.930,50","3.948,38","3.948,39","3.905,67","","-0,23%"
"13.09.2023","3.939,50","3.977,04","3.977,04","3.928,79","","-1,15%"
"12.09.2023","3.985,15","3.991,00","4.025,61","3.967,90","","-0,16%"
"11.09.2023","3.991,50","4.015,16","4.017,60","3.971,88","","-0,52%"
"08.09.2023","4.012,50","4.023,56","4.040,01","3.989,54","","-0,07%"
"07.09.2023","4.015,50","4.073,05","4.077,00","4.015,00","","-1,45%"
"06.09.2023","4.074,50","4.085,55","4.107,84","4.045,63","","-0,33%"
"05.09.2023","4.087,80","4.052,63","4.103,94","4.048,59","","0,93%"
"04.09.2023","4.050,30","4.045,00","4.059,00","4.030,00","","-0,26%"
"01.09.2023","4.060,70","4.092,11","4.092,11","4.042,10","","-0,66%"
"31.08.2023","4.087,55","4.098,00","4.119,11","4.083,00","","-0,32%"
"30.08.2023","4.100,50","4.099,83","4.104,25","4.077,50","","0,21%"
"29.08.2023","4.092,05","4.112,04","4.134,45","4.092,77","","-0,35%"
"28.08.2023","4.106,50","4.127,66","4.131,48","4.085,82","","-0,32%"
"25.08.2023","4.119,60","4.090,93","4.133,77","4.079,76","","0,51%"
"24.08.2023","4.098,50","4.076,34","4.108,02","4.059,73","","0,81%"
"23.08.2023","4.065,50","4.117,98","4.119,67","4.058,00","","-1,08%"
"22.08.2023","4.109,70","4.108,13","4.131,52","4.092,75","","0,10%"
"21.08.2023","4.105,43","4.120,50","4.120,85","4.104,13","","-0,19%"
"18.08.2023","4.113,37","4.100,80","4.136,06","4.094,07","","0,12%"
"17.08.2023","4.108,50","4.125,08","4.138,05","4.072,75","","-0,59%"
"16.08.2023","4.133,00","4.088,76","4.152,73","4.077,78","","0,94%"
"15.08.2023","4.094,40","4.042,20","4.116,52","4.026,05","","1,35%"
"14.08.2023","4.040,00","3.963,75","4.049,00","3.962,32","","1,70%"
"11.08.2023","3.972,50","3.951,03","3.988,05","3.927,95","","0,28%"
"10.08.2023","3.961,50","4.018,23","4.026,43","3.937,12","","-1,39%"
"09.08.2023","4.017,50","4.076,22","4.080,00","3.996,19","","-1,48%"
"08.08.2023","4.077,75","4.023,50","4.089,50","4.012,05","","1,40%"
"07.08.2023","4.021,50","4.043,43","4.043,43","4.023,50","","-0,31%"
"04.08.2023","4.034,00","4.152,79","4.171,75","4.011,31","","-3,25%"
"03.08.2023","4.169,50","4.055,03","4.172,00","4.050,09","","2,63%"
"02.08.2023","4.062,50","4.001,02","4.075,05","4.001,01","","1,33%"
"01.08.2023","4.009,25","3.924,53","4.045,05","3.924,03","","2,29%"
"31.07.2023","3.919,50","3.915,51","3.926,00","3.870,09","","0,28%"
"28.07.2023","3.908,50","3.956,10","3.956,10","3.904,32","","-1,43%"
"27.07.2023","3.965,17","3.950,46","3.967,67","3.904,52","","0,64%"
"26.07.2023","3.940,15","3.970,79","3.974,00","3.925,38","","-0,69%"
"25.07.2023","3.967,50","3.951,75","3.996,04","3.944,51","","0,19%"
"24.07.2023","3.960,00","3.970,15","3.970,15","3.928,18","","0,08%"
"21.07.2023","3.957,00","3.979,34","3.989,30","3.947,71","","-0,53%"
"20.07.2023","3.978,00","3.983,50","3.996,00","3.973,99","","0,13%"
"19.07.2023","3.973,00","3.996,00","4.016,15","3.952,38","","-0,64%"
"18.07.2023","3.998,50","4.018,80","4.020,87","3.957,36","","-0,30%"
"17.07.2023","4.010,50","4.059,41","4.100,40","4.003,92","","-1,13%"
"14.07.2023","4.056,50","4.100,52","4.110,50","4.057,23","","-1,10%"
"13.07.2023","4.101,50","4.139,13","4.140,33","4.092,73","","-0,75%"
"12.07.2023","4.132,50","4.184,00","4.186,72","4.102,73","","-0,94%"
"11.07.2023","4.171,70","4.155,00","4.216,22","4.137,69","","0,37%"
"10.07.2023","4.156,50","4.164,35","4.178,12","4.130,35","","0,11%"
"07.07.2023","4.152,00","4.228,95","4.234,80","4.142,63","","-1,79%"
"06.07.2023","4.227,50","4.132,12","4.237,28","4.125,85","","2,46%"
"05.07.2023","4.125,85","4.142,50","4.165,73","4.112,53","","-0,32%"
"04.07.2023","4.138,97","4.157,50","4.165,00","4.129,74","","-0,79%"
"03.07.2023","4.172,00","4.161,00","4.173,00","4.161,00","","-0,01%"
"30.06.2023","4.172,50","4.185,00","4.193,60","4.146,83","","-0,24%"
"29.06.2023","4.182,50","4.149,00","4.203,19","4.142,17","","0,87%"
"28.06.2023","4.146,50","4.175,00","4.202,27","4.131,46","","-0,77%"
"27.06.2023","4.178,50","4.167,85","4.183,99","4.117,63","","0,44%"
"26.06.2023","4.160,17","4.181,04","4.205,00","4.140,65","","-0,63%"
"23.06.2023","4.186,50","4.100,50","4.215,00","4.087,23","","2,05%"
"22.06.2023","4.102,50","4.139,00","4.152,13","4.081,68","","-0,94%"
"21.06.2023","4.141,50","4.157,38","4.172,06","4.129,29","","-0,16%"
"20.06.2023","4.148,20","4.165,69","4.181,54","4.117,83","","-0,48%"
"19.06.2023","4.168,00","4.142,26","4.168,00","4.142,26","","0,06%"
"16.06.2023","4.165,50","4.155,00","4.179,00","4.118,21","","0,28%"
"15.06.2023","4.153,75","4.181,22","4.187,50","4.122,40","","-0,64%"
"14.06.2023","4.180,56","4.179,95","4.201,00","4.150,52","","0,07%"
"13.06.2023","4.177,50","4.179,08","4.207,35","4.148,42","","0,11%"
"12.06.2023","4.173,00","4.172,81","4.184,48","4.170,66","","-0,11%"
"09.06.2023","4.177,50","4.169,05","4.199,60","4.123,79","","0,11%"
"08.06.2023","4.173,00","4.210,06","4.212,02","4.147,54","","-1,15%"
"07.06.2023","4.221,50","4.225,13","4.238,38","4.174,39","","0,09%"
"06.06.2023","4.217,50","4.284,23","4.285,96","4.206,52","","-1,51%"
"05.06.2023","4.282,00","4.346,50","4.361,05","4.256,63","","-1,53%"
"02.06.2023","4.348,50","4.390,00","4.398,42","4.330,54","","-0,91%"
"01.06.2023","4.388,40","4.452,80","4.454,00","4.368,30","","-1,35%"
"31.05.2023","4.448,50","4.401,50","4.463,69","4.379,51","","1,13%"
"30.05.2023","4.399,00","4.442,50","4.458,05","4.372,80","","-0,93%"
"29.05.2023","4.440,25","4.426,71","4.449,13","4.403,79","","0,13%"
"26.05.2023","4.434,50","4.493,06","4.493,21","4.430,55","","-1,29%"
"25.05.2023","4.492,50","4.446,20","4.500,00","4.432,17","","0,90%"
"24.05.2023","4.452,50","4.469,99","4.480,78","4.416,29","","-0,31%"
"23.05.2023","4.466,50","4.525,83","4.552,46","4.459,79","","-1,31%"
"22.05.2023","4.525,75","4.539,96","4.539,96","4.518,00","","-0,30%"
"19.05.2023","4.539,50","4.536,45","4.545,00","4.507,27","","0,13%"
"18.05.2023","4.533,75","4.498,50","4.536,29","4.484,06","","0,92%"
"17.05.2023","4.492,45","4.538,50","4.557,58","4.481,85","","-0,95%"
"16.05.2023","4.535,50","4.498,00","4.550,60","4.475,98","","0,89%"
"15.05.2023","4.495,50","4.541,76","4.543,72","4.472,98","","-1,31%"
"12.05.2023","4.555,00","4.599,04","4.601,26","4.532,90","","-0,99%"
"11.05.2023","4.600,50","4.552,76","4.623,38","4.548,92","","1,08%"
"10.05.2023","4.551,50","4.559,07","4.569,23","4.514,27","","-0,33%"
"09.05.2023","4.566,50","4.504,83","4.571,00","4.500,35","","1,35%"
"08.05.2023","4.505,50","4.525,79","4.528,98","4.458,34","","-0,44%"
"05.05.2023","4.525,50","4.610,02","4.617,61","4.511,85","","-1,72%"
"04.05.2023","4.604,50","4.627,93","4.653,97","4.572,02","","-0,68%"
"03.05.2023","4.635,90","4.695,00","4.696,75","4.612,60","","-1,10%"
"02.05.2023","4.687,50","4.705,88","4.732,63","4.676,38","","-0,41%"
"01.05.2023","4.707,00","4.695,25","4.708,00","4.689,18","","0,24%"
"28.04.2023","4.695,50","4.652,02","4.718,03","4.599,14","","0,99%"
"27.04.2023","4.649,60","4.660,00","4.674,52","4.601,77","","-0,17%"
"26.04.2023","4.657,50","4.510,64","4.673,00","4.496,06","","3,32%"
"25.04.2023","4.507,89","4.467,15","4.519,50","4.439,75","","1,04%"
"24.04.2023","4.461,50","4.525,02","4.525,02","4.452,83","","-1,14%"
"21.04.2023","4.512,94","4.526,79","4.544,60","4.495,00","","-0,39%"
"20.04.2023","4.530,50","4.527,56","4.559,40","4.512,81","","-0,11%"
"19.04.2023","4.535,50","4.490,16","4.559,30","4.487,92","","1,13%"
"18.04.2023","4.485,00","4.432,73","4.494,87","4.411,98","","1,07%"
"17.04.2023","4.437,50","4.413,31","4.441,46","4.399,46","","0,59%"
"14.04.2023","4.411,53","4.417,45","4.448,75","4.393,75","","-0,07%"
"13.04.2023","4.414,50","4.459,59","4.460,00","4.405,87","","-1,00%"
"12.04.2023","4.459,17","4.508,64","4.509,90","4.440,13","","-1,03%"
"11.04.2023","4.505,76","4.557,50","4.557,96","4.496,68","","-1,09%"
"10.04.2023","4.555,50","4.570,97","4.592,96","4.550,94","","-0,21%"
"07.04.2023","4.565,00","4.570,97","4.570,97","4.566,00","","-0,08%"
"06.04.2023","4.568,47","4.583,50","4.584,00","4.565,33","","-0,09%"
"05.04.2023","4.572,50","4.583,62","4.599,26","4.561,56","","-0,18%"
"04.04.2023","4.580,62","4.602,88","4.604,92","4.567,59","","-0,42%"
"03.04.2023","4.599,89","4.662,62","4.674,69","4.584,80","","-1,11%"
"31.03.2023","4.651,50","4.644,07","4.666,83","4.608,44","","0,30%"
"30.03.2023","4.637,50","4.613,71","4.652,83","4.570,85","","0,58%"
"29.03.2023","4.610,96","4.670,50","4.679,63","4.602,67","","-1,39%"
"28.03.2023","4.675,85","4.680,00","4.686,25","4.637,27","","0,06%"
"27.03.2023","4.673,00","4.754,37","4.754,37","4.666,44","","-1,36%"
"24.03.2023","4.737,40","4.743,94","4.778,75","4.722,05","","-0,36%"
"23.03.2023","4.754,50","4.773,00","4.779,67","4.734,32","","-0,26%"
"22.03.2023","4.767,10","4.807,83","4.807,83","4.752,63","","-0,84%"
"21.03.2023","4.807,50","4.791,01","4.815,93","4.771,63","","-0,13%"
"20.03.2023","4.813,98","4.842,28","4.842,52","4.816,18","","-0,65%"
"17.03.2023","4.845,50","4.832,00","4.864,94","4.793,75","","0,44%"
"16.03.2023","4.824,50","4.870,50","4.887,72","4.827,00","","-0,78%"
"15.03.2023","4.862,65","4.744,00","4.883,35","4.736,93","","2,64%"
"14.03.2023","4.737,50","4.771,00","4.776,76","4.720,80","","-0,64%"
"13.03.2023","4.768,00","4.717,10","4.789,53","4.712,90","","1,18%"
"10.03.2023","4.712,25","4.746,02","4.797,59","4.691,87","","-0,65%"
"09.03.2023","4.743,02","4.776,87","4.792,28","4.727,77","","-0,65%"
"08.03.2023","4.773,87","4.766,00","4.787,83","4.725,31","","0,23%"
"07.03.2023","4.763,00","4.663,75","4.792,65","4.663,27","","1,33%"
"06.03.2023","4.700,51","4.785,10","4.787,50","4.702,75","","-1,76%"
"03.03.2023","4.784,50","4.814,65","4.815,15","4.748,29","","-0,57%"
"02.03.2023","4.811,90","4.830,18","4.898,50","4.805,93","","-0,33%"
"01.03.2023","4.827,81","4.859,90","4.892,59","4.812,50","","-0,59%"
"28.02.2023","4.856,68","4.761,01","4.869,85","4.761,01","","2,07%"
"27.02.2023","4.758,26","4.840,15","4.848,59","4.755,75","","-1,64%"
"24.02.2023","4.837,40","4.858,15","4.879,41","4.815,37","","-0,37%"
"23.02.2023","4.855,40","4.896,35","4.906,48","4.834,06","","-0,78%"
"22.02.2023","4.893,36","4.961,50","4.961,75","4.890,53","","-1,21%"
"21.02.2023","4.953,43","4.916,31","4.979,00","4.894,35","","0,80%"
"20.02.2023","4.913,94","4.905,10","4.923,04","4.881,63","","0,30%"
"17.02.2023","4.899,45","4.927,09","4.956,19","4.879,77","","-0,55%"
"16.02.2023","4.926,34","4.896,90","4.998,49","4.880,33","","0,63%"
"15.02.2023","4.895,45","4.751,50","4.928,75","4.751,50","","3,08%"
"14.02.2023","4.749,00","4.831,60","4.831,84","4.733,32","","-0,80%"
"13.02.2023","4.787,31","4.798,85","4.837,75","4.768,74","","-0,25%"
"10.02.2023","4.799,18","4.736,46","4.811,75","4.724,48","","1,20%"
"09.02.2023","4.742,25","4.762,35","4.773,02","4.717,82","","-0,50%"
"08.02.2023","4.766,05","4.729,06","4.793,55","4.726,17","","0,85%"
"07.02.2023","4.726,06","4.786,25","4.798,30","4.726,31","","-1,20%"
"06.02.2023","4.783,25","4.699,25","4.803,70","4.692,24","","1,88%"
"03.02.2023","4.695,00","4.623,00","4.714,80","4.598,65","","2,38%"
"02.02.2023","4.586,00","4.647,40","4.647,40","4.542,58","","-0,26%"
"01.02.2023","4.598,05","4.668,51","4.670,38","4.598,89","","-1,49%"
"31.01.2023","4.667,72","4.651,96","4.673,63","4.591,90","","0,36%"
"30.01.2023","4.650,80","4.573,29","4.663,60","4.551,86","","2,19%"
"27.01.2023","4.551,00","4.527,70","4.582,85","4.502,36","","0,57%"
"26.01.2023","4.525,20","4.560,90","4.571,30","4.502,04","","-0,01%"
"25.01.2023","4.525,48","4.521,00","4.563,85","4.489,54","","0,26%"
"24.01.2023","4.513,54","4.559,00","4.567,15","4.505,63","","-0,94%"
"23.01.2023","4.556,50","4.618,27","4.618,27","4.532,02","","-0,73%"
"20.01.2023","4.590,00","4.702,72","4.702,72","4.595,00","","-1,60%"
"19.01.2023","4.664,48","4.691,95","4.720,46","4.666,23","","-0,53%"
"18.01.2023","4.689,45","4.727,40","4.735,50","4.678,23","","-0,75%"
"17.01.2023","4.724,90","4.684,50","4.735,60","4.675,05","","0,75%"
"16.01.2023","4.689,88","4.670,78","4.689,88","4.670,78","","0,11%"
"13.01.2023","4.684,56","4.686,51","4.718,27","4.675,30","","0,07%"
"12.01.2023","4.681,51","4.733,00","4.733,02","4.671,10","","-1,03%"
"11.01.2023","4.730,00","4.787,83","4.788,07","4.728,13","","-1,13%"
"10.01.2023","4.784,00","4.853,08","4.853,21","4.783,48","","-1,33%"
"09.01.2023","4.848,34","4.860,81","4.861,42","4.849,30","","-0,22%"
"06.01.2023","4.859,00","4.966,35","4.973,65","4.844,18","","-2,07%"
"05.01.2023","4.961,60","4.930,25","5.008,88","4.930,23","","0,81%"
"04.01.2023","4.921,57","4.895,01","4.948,27","4.874,24","","0,60%"
"03.01.2023","4.892,00","4.848,00","4.895,99","4.818,11","","0,91%"
"02.01.2023","4.848,00","4.848,67","4.848,67","4.848,00","","0,02%"
"30.12.2022","4.847,00","4.850,83","4.851,90","4.844,99","","0,00%"
"29.12.2022","4.847,00","4.774,73","4.851,58","4.765,88","","1,62%"
"28.12.2022","4.769,77","4.763,56","4.782,38","4.750,12","","0,16%"
"27.12.2022","4.762,00","4.730,95","4.784,76","4.730,64","","0,74%"
"26.12.2022","4.727,00","4.729,00","4.731,00","4.728,50","","-0,03%"
"23.12.2022","4.728,33","4.761,00","4.761,88","4.727,79","","-0,62%"
"22.12.2022","4.758,00","4.767,83","4.769,00","4.751,32","","-0,15%"
"21.12.2022","4.765,00","4.777,15","4.777,15","4.754,26","","0,06%"
"20.12.2022","4.762,07","4.776,00","4.783,13","4.762,22","","-0,25%"
"19.12.2022","4.773,88","4.790,26","4.790,63","4.770,33","","-0,24%"
"16.12.2022","4.785,51","4.793,92","4.814,90","4.788,29","","-0,11%"
"15.12.2022","4.791,00","4.780,75","4.804,36","4.775,83","","0,27%"
"14.12.2022","4.778,00","4.765,41","4.786,05","4.757,65","","0,34%"
"13.12.2022","4.762,00","4.849,93","4.849,93","4.761,50","","-1,62%"
"12.12.2022","4.840,33","4.809,85","4.861,00","4.805,50","","0,71%"
"09.12.2022","4.806,00","4.824,34","4.834,23","4.804,49","","-0,19%"
"08.12.2022","4.815,18","4.825,21","4.826,17","4.819,09","","-0,04%"
"07.12.2022","4.817,18","4.833,64","4.843,88","4.819,38","","-0,27%"
"06.12.2022","4.830,00","4.835,50","4.836,85","4.806,80","","-0,06%"
"05.12.2022","4.832,68","4.771,54","4.837,68","4.765,20","","1,34%"
"02.12.2022","4.768,60","4.767,98","4.798,70","4.747,93","","0,19%"
"01.12.2022","4.759,60","4.830,57","4.831,42","4.764,80","","-1,40%"
"30.11.2022","4.827,00","4.811,13","4.841,41","4.789,08","","0,43%"
"29.11.2022","4.806,38","4.833,38","4.834,17","4.801,19","","-0,50%"
"28.11.2022","4.830,64","4.882,50","4.882,50","4.825,13","","-0,64%"
"25.11.2022","4.861,60","4.909,90","4.914,29","4.862,24","","-0,88%"
"24.11.2022","4.904,70","4.887,00","4.911,45","4.882,45","","0,58%"
"23.11.2022","4.876,47","4.907,14","4.907,14","4.859,00","","-0,53%"
"22.11.2022","4.902,39","4.950,67","4.950,67","4.895,27","","-0,90%"
"21.11.2022","4.947,00","4.997,19","5.003,44","4.936,60","","-0,75%"
"18.11.2022","4.984,25","4.999,38","5.018,20","4.950,48","","-0,20%"
"17.11.2022","4.994,38","4.941,33","5.041,45","4.941,33","","1,18%"
"16.11.2022","4.936,00","4.846,52","4.966,40","4.841,67","","1,92%"
"15.11.2022","4.843,00","4.805,31","4.849,22","4.767,21","","0,85%"
"14.11.2022","4.802,00","4.805,73","4.814,13","4.798,13","","0,02%"
"11.11.2022","4.801,10","4.806,08","4.810,50","4.798,61","","0,08%"
"10.11.2022","4.797,06","4.890,00","4.909,18","4.781,43","","-1,94%"
"09.11.2022","4.891,81","4.974,00","4.977,35","4.890,06","","-1,56%"
"08.11.2022","4.969,25","5.115,00","5.123,13","4.964,91","","-2,64%"
"07.11.2022","5.104,00","5.096,59","5.109,00","5.089,85","","0,33%"
"04.11.2022","5.087,00","5.068,85","5.118,17","4.999,92","","0,57%"
"03.11.2022","5.057,94","5.003,03","5.105,35","5.000,53","","1,20%"
"02.11.2022","4.998,03","5.003,50","5.010,30","4.969,93","","-0,10%"
"01.11.2022","5.003,00","4.936,60","5.015,25","4.887,83","","1,49%"
"31.10.2022","4.929,35","4.835,00","4.946,33","4.829,75","","2,22%"
"28.10.2022","4.822,08","4.800,00","4.867,71","4.760,04","","0,73%"
"27.10.2022","4.787,08","4.884,06","4.889,98","4.792,79","","-1,73%"
"26.10.2022","4.871,14","4.975,20","4.989,34","4.873,38","","-1,86%"
"25.10.2022","4.963,45","4.990,00","4.990,88","4.911,55","","-0,30%"
"24.10.2022","4.978,25","4.918,10","5.003,58","4.912,20","","1,47%"
"21.10.2022","4.906,35","4.904,00","4.960,13","4.877,55","","0,29%"
"20.10.2022","4.892,25","4.840,00","4.923,63","4.836,38","","1,20%"
"19.10.2022","4.834,13","4.762,10","4.859,79","4.759,71","","1,64%"
"18.10.2022","4.756,23","4.735,00","4.791,02","4.682,00","","0,57%"
"17.10.2022","4.729,13","4.698,00","4.735,94","4.693,23","","0,79%"
"14.10.2022","4.692,13","4.575,71","4.702,00","4.548,25","","2,68%"
"13.10.2022","4.569,83","4.607,90","4.661,35","4.574,52","","-0,70%"
"12.10.2022","4.602,03","4.607,25","4.628,06","4.597,65","","0,01%"
"11.10.2022","4.601,38","4.606,02","4.636,76","4.583,79","","0,03%"
"10.10.2022","4.600,15","4.620,00","4.620,00","4.602,57","","-0,30%"
"07.10.2022","4.614,13","4.613,50","4.637,31","4.575,87","","0,14%"
"06.10.2022","4.607,63","4.581,90","4.659,89","4.573,33","","0,69%"
"05.10.2022","4.576,03","4.496,50","4.584,94","4.491,50","","1,90%"
"04.10.2022","4.490,63","4.530,02","4.534,88","4.462,04","","-0,74%"
"03.10.2022","4.524,14","4.610,00","4.610,46","4.511,69","","-1,74%"
"30.09.2022","4.604,13","4.528,69","4.616,25","4.524,04","","1,80%"
"29.09.2022","4.522,82","4.490,00","4.548,50","4.486,52","","0,86%"
"28.09.2022","4.484,13","4.554,00","4.556,60","4.462,02","","-1,41%"
"27.09.2022","4.548,13","4.541,60","4.575,19","4.516,56","","0,27%"
"26.09.2022","4.535,73","4.438,50","4.550,69","4.436,73","","2,33%"
"23.09.2022","4.432,63","4.365,10","4.463,19","4.365,10","","1,67%"
"22.09.2022","4.359,81","4.408,00","4.408,22","4.364,53","","-0,97%"
"21.09.2022","4.402,71","4.426,25","4.428,79","4.393,65","","-0,41%"
"20.09.2022","4.420,96","4.407,00","4.435,40","4.399,00","","0,44%"
"19.09.2022","4.401,71","4.435,20","4.452,35","4.392,60","","-0,64%"
"16.09.2022","4.429,91","4.418,09","4.449,40","4.412,73","","0,39%"
"15.09.2022","4.412,80","4.392,50","4.425,10","4.385,01","","0,62%"
"14.09.2022","4.385,45","4.412,50","4.428,55","4.366,35","","-0,45%"
"13.09.2022","4.405,45","4.361,25","4.431,52","4.359,08","","1,18%"
"12.09.2022","4.354,20","4.353,00","4.370,10","4.322,23","","0,19%"
"09.09.2022","4.345,95","4.397,75","4.424,15","4.346,85","","-1,02%"
"08.09.2022","4.390,70","4.400,30","4.427,80","4.363,54","","-0,06%"
"07.09.2022","4.393,25","4.481,00","4.511,50","4.395,63","","-1,80%"
"06.09.2022","4.473,95","4.465,00","4.504,90","4.450,00","","0,36%"
"05.09.2022","4.457,95","4.486,50","4.487,27","4.465,00","","-0,48%"
"02.09.2022","4.479,45","4.488,00","4.508,65","4.429,87","","-0,03%"
"01.09.2022","4.480,95","4.429,00","4.491,63","4.426,06","","1,31%"
"31.08.2022","4.423,00","4.422,50","4.447,00","4.401,58","","0,17%"
"30.08.2022","4.415,45","4.367,00","4.429,33","4.349,90","","1,27%"
"29.08.2022","4.359,95","4.401,11","4.416,48","4.363,67","","-0,78%"
"26.08.2022","4.394,06","4.395,40","4.417,27","4.355,10","","0,13%"
"25.08.2022","4.388,35","4.411,00","4.444,40","4.387,85","","-0,35%"
"24.08.2022","4.403,95","4.358,00","4.416,00","4.344,45","","1,22%"
"23.08.2022","4.350,95","4.399,98","4.409,90","4.355,02","","-0,96%"
"22.08.2022","4.392,93","4.377,00","4.414,90","4.372,17","","0,53%"
"19.08.2022","4.369,95","4.390,00","4.431,15","4.366,35","","-0,31%"
"18.08.2022","4.383,54","4.344,55","4.447,00","4.342,38","","1,05%"
"17.08.2022","4.338,09","4.255,00","4.349,60","4.247,59","","2,11%"
"16.08.2022","4.248,54","4.163,00","4.256,00","4.155,00","","2,20%"
"15.08.2022","4.157,13","4.162,00","4.170,00","4.155,52","","0,02%"
"12.08.2022","4.156,13","4.231,00","4.232,22","4.154,44","","-1,63%"
"11.08.2022","4.225,13","4.274,00","4.275,65","4.214,44","","-1,01%"
"10.08.2022","4.268,13","4.350,00","4.351,63","4.256,87","","-1,75%"
"09.08.2022","4.344,13","4.316,36","4.353,25","4.274,13","","0,86%"
"08.08.2022","4.306,96","4.345,10","4.349,80","4.291,80","","-0,66%"
"05.08.2022","4.335,70","4.295,00","4.360,00","4.295,00","","1,17%"
"04.08.2022","4.285,60","4.305,60","4.322,06","4.245,20","","-0,25%"
"03.08.2022","4.296,20","4.324,00","4.357,00","4.304,10","","-0,43%"
"02.08.2022","4.314,60","4.277,50","4.328,50","4.277,50","","1,09%"
"01.08.2022","4.268,10","4.287,00","4.296,63","4.217,81","","-0,22%"
"29.07.2022","4.277,60","4.371,00","4.377,35","4.238,50","","-1,93%"
"28.07.2022","4.361,60","4.425,00","4.427,01","4.349,80","","-1,22%"
"27.07.2022","4.415,60","4.444,00","4.445,17","4.404,10","","-0,40%"
"26.07.2022","4.433,29","4.467,80","4.471,50","4.412,93","","-0,51%"
"25.07.2022","4.456,05","4.465,00","4.484,75","4.426,13","","0,06%"
"22.07.2022","4.453,25","4.426,55","4.470,83","4.407,34","","0,87%"
"21.07.2022","4.414,80","4.356,00","4.437,06","4.344,00","","1,62%"
"20.07.2022","4.344,25","4.322,60","4.356,00","4.316,10","","0,72%"
"19.07.2022","4.313,20","4.305,65","4.346,50","4.280,00","","0,39%"
"18.07.2022","4.296,25","4.359,00","4.363,15","4.292,42","","-1,23%"
"15.07.2022","4.349,60","4.492,00","4.499,15","4.348,83","","-2,97%"
"14.07.2022","4.482,60","4.490,00","4.582,25","4.482,24","","-0,07%"
"13.07.2022","4.485,65","4.625,00","4.660,00","4.480,00","","-2,95%"
"12.07.2022","4.622,05","4.578,88","4.665,21","4.573,50","","1,15%"
"11.07.2022","4.569,48","4.420,50","4.579,24","4.413,77","","3,59%"
"08.07.2022","4.411,10","4.395,00","4.429,15","4.351,00","","0,58%"
"07.07.2022","4.385,60","4.353,50","4.400,13","4.321,52","","0,96%"
"06.07.2022","4.344,10","4.280,00","4.398,20","4.277,87","","1,72%"
"05.07.2022","4.270,60","4.205,05","4.282,45","4.205,05","","1,79%"
"04.07.2022","4.195,65","4.205,05","4.205,05","4.198,39","","0,00%"
"01.07.2022","4.195,65","4.151,37","4.212,94","4.151,37","","1,30%"
"30.06.2022","4.141,97","4.117,00","4.179,80","4.115,65","","0,84%"
"29.06.2022","4.107,60","4.096,00","4.151,25","4.080,01","","0,51%"
"28.06.2022","4.086,60","4.133,00","4.140,50","4.062,00","","-0,90%"
"27.06.2022","4.123,60","4.140,50","4.144,85","4.125,00","","-0,18%"
"24.06.2022","4.131,10","4.102,00","4.156,70","4.082,56","","0,85%"
"23.06.2022","4.096,13","4.020,75","4.118,40","4.016,69","","2,02%"
"22.06.2022","4.014,88","4.022,50","4.043,44","4.010,56","","0,10%"
"21.06.2022","4.010,75","3.904,99","4.035,43","3.902,01","","2,89%"
"20.06.2022","3.897,94","3.904,99","3.904,99","3.904,99","","0,00%"
"17.06.2022","3.897,94","3.898,00","3.921,00","3.889,00","1,55K","0,18%"
"16.06.2022","3.890,95","3.897,60","3.943,70","3.890,77","1,46K","0,19%"
"15.06.2022","3.883,50","3.968,90","3.980,40","3.889,15","1,39K","-1,92%"
"14.06.2022","3.959,50","3.971,00","4.001,75","3.948,60","1,79K","-0,05%"
"13.06.2022","3.961,60","3.944,40","4.041,90","3.936,12","1,72K","0,68%"
"10.06.2022","3.935,00","3.851,90","3.945,45","3.851,90","1,84K","2,51%"
"09.06.2022","3.838,66","3.805,00","3.865,90","3.801,00","1,26K","1,13%"
"08.06.2022","3.795,60","3.787,00","3.808,15","3.762,00","1,31K","0,48%"
"07.06.2022","3.777,60","3.793,00","3.822,00","3.763,05","1,49K","-0,16%"
"06.06.2022","3.783,60","3.775,50","3.816,95","3.773,00","2,10K","0,46%"
"03.06.2022","3.766,10","3.774,00","3.786,41","3.754,70","2,02K","0,04%"
"02.06.2022","3.764,60","3.802,00","3.806,16","3.769,05","1,54K","-0,74%"
"01.06.2022","3.792,60","3.770,00","3.811,10","3.760,00","2,35K","0,85%"
"31.05.2022","3.760,60","3.800,00","3.814,90","3.763,45","","-0,85%"
"30.05.2022","3.792,95","3.933,50","3.933,50","3.795,00","","-3,40%"
"27.05.2022","3.926,45","3.922,00","3.947,50","3.892,10","","0,29%"
"26.05.2022","3.914,95","3.937,60","3.945,00","3.918,10","","-0,40%"
"25.05.2022","3.930,55","3.976,33","3.996,50","3.934,05","","-0,98%"
"24.05.2022","3.969,28","3.980,00","3.980,48","3.956,80","","-0,09%"
"23.05.2022","3.972,95","3.972,00","3.980,00","3.925,00","","0,20%"
"20.05.2022","3.964,95","4.054,72","4.055,20","3.959,00","","-2,04%"
"19.05.2022","4.047,67","4.072,96","4.072,96","4.037,00","","-0,45%"
"18.05.2022","4.065,91","4.030,50","4.074,75","4.018,63","","1,06%"
"17.05.2022","4.023,45","4.055,00","4.057,49","4.013,00","","-0,61%"
"16.05.2022","4.047,95","4.110,50","4.115,06","4.045,50","","-1,35%"
"13.05.2022","4.103,45","4.109,98","4.121,00","4.094,16","","0,01%"
"12.05.2022","4.102,93","4.083,75","4.133,00","4.076,29","","0,64%"
"11.05.2022","4.076,70","4.078,00","4.105,00","4.065,55","","0,14%"
"10.05.2022","4.070,95","4.091,00","4.103,50","4.062,00","","-0,32%"
"09.05.2022","4.083,95","4.057,75","4.101,00","4.049,00","","0,82%"
"06.05.2022","4.050,70","4.088,25","4.091,59","4.029,48","","-0,75%"
"05.05.2022","4.081,20","4.068,25","4.106,65","4.055,00","","0,49%"
"04.05.2022","4.061,20","4.030,00","4.078,90","4.020,00","","0,95%"
"03.05.2022","4.022,95","4.009,98","4.031,00","3.984,50","","0,50%"
"02.05.2022","4.002,93","3.958,00","4.017,00","3.955,02","","1,32%"
"29.04.2022","3.950,95","3.984,95","3.987,93","3.951,35","","-0,68%"
"28.04.2022","3.977,90","3.955,00","3.999,75","3.954,79","","0,76%"
"27.04.2022","3.947,95","3.944,70","3.986,95","3.942,73","","0,26%"
"26.04.2022","3.937,65","3.936,50","3.965,10","3.933,03","","0,21%"
"25.04.2022","3.929,45","3.856,00","3.959,67","3.852,08","","2,01%"
"22.04.2022","3.852,01","3.774,00","3.859,00","3.772,12","","2,18%"
"21.04.2022","3.770,01","3.759,41","3.777,00","3.747,00","","0,39%"
"20.04.2022","3.755,41","3.749,50","3.769,16","3.743,50","","0,26%"
"19.04.2022","3.745,50","3.732,50","3.768,00","3.732,50","","0,46%"
"18.04.2022","3.728,51","3.723,00","3.744,00","3.716,71","","0,26%"
"15.04.2022","3.719,01","3.743,00","3.744,00","3.723,00","","-0,44%"
"14.04.2022","3.735,27","3.723,00","3.747,00","3.720,73","","0,44%"
"13.04.2022","3.719,01","3.753,33","3.762,00","3.718,25","","-0,78%"
"12.04.2022","3.748,15","3.739,00","3.768,00","3.710,01","","0,38%"
"11.04.2022","3.733,82","3.757,00","3.762,00","3.732,01","","-0,48%"
"08.04.2022","3.751,82","3.769,46","3.798,00","3.749,00","","-0,33%"
"07.04.2022","3.764,27","3.752,00","3.780,00","3.740,00","","0,47%"
"06.04.2022","3.746,82","3.740,96","3.762,00","3.725,00","","0,30%"
"05.04.2022","3.735,77","3.704,50","3.749,91","3.693,00","1,20K","0,99%"
"04.04.2022","3.699,32","3.749,05","3.754,40","3.690,00","1,08K","-1,19%"
"01.04.2022","3.743,87","3.773,00","3.797,96","3.749,05","1,40K","-0,64%"
"31.03.2022","3.767,82","3.753,71","3.773,00","3.746,46","1,25K","0,51%"
"30.03.2022","3.748,52","3.755,16","3.766,96","3.737,53","2,02K","-0,07%"
"29.03.2022","3.751,16","3.785,21","3.786,65","3.755,16","1,44K","-0,79%"
"28.03.2022","3.781,21","3.794,66","3.808,00","3.775,00","1,43K","-0,25%"
"25.03.2022","3.790,66","3.787,00","3.800,00","3.760,21","1,17K","0,20%"
"24.03.2022","3.783,01","3.783,50","3.817,00","3.775,00","1,29K","0,09%"
"23.03.2022","3.779,51","3.760,51","3.792,00","3.732,00","1,34K","0,61%"
"22.03.2022","3.756,52","3.800,00","3.818,75","3.751,50","1,41K","-1,04%"
"21.03.2022","3.796,01","3.818,75","3.820,82","3.800,00","0,41K","-0,49%"
"18.03.2022","3.814,76","3.825,00","3.838,01","3.805,05","0,95K","-0,16%"
"17.03.2022","3.821,01","3.835,00","3.841,49","3.805,16","1,58K","-0,26%"
"16.03.2022","3.831,01","3.829,00","3.840,00","3.811,41","1,27K","0,16%"
"15.03.2022","3.825,01","3.797,60","3.853,96","3.787,25","2,42K","0,83%"
"14.03.2022","3.793,61","3.820,00","3.830,00","3.771,00","2,59K","-0,59%"
"11.03.2022","3.816,01","3.822,00","3.847,75","3.805,43","1,96K","-0,05%"
"10.03.2022","3.818,01","3.743,00","3.838,00","3.743,00","2,49K","2,11%"
"09.03.2022","3.739,01","3.771,05","3.771,05","3.727,80","1,59K","-0,74%"
"08.03.2022","3.767,06","3.813,00","3.815,00","3.767,95","1,65K","-1,10%"
"07.03.2022","3.809,01","3.830,00","3.830,00","3.798,50","1,31K","-0,44%"
"04.03.2022","3.826,01","3.759,45","3.830,20","3.757,56","2,20K","1,88%"
"03.03.2022","3.755,45","3.838,00","3.838,00","3.745,60","1,67K","-2,05%"
"02.03.2022","3.834,01","3.883,00","3.890,70","3.834,59","1,68K","-1,16%"
"01.03.2022","3.879,01","3.937,00","3.947,00","3.880,55","1,43K","-1,37%"
"28.02.2022","3.933,01","3.913,54","3.943,00","3.894,21","1,72K","0,60%"
"25.02.2022","3.909,55","3.927,00","3.927,20","3.900,00","1,45K","-0,34%"
"24.02.2022","3.923,01","3.913,00","3.979,00","3.911,76","1,89K","0,36%"
"23.02.2022","3.909,01","3.930,00","3.930,20","3.904,00","1,35K","-0,43%"
"22.02.2022","3.926,01","3.935,00","3.940,00","3.925,00","1,09K","-0,13%"
"21.02.2022","3.931,01","3.932,00","3.939,00","3.932,00","0,58K","0,08%"
"18.02.2022","3.928,01","3.933,75","3.940,48","3.919,30","1,13K","-0,06%"
"17.02.2022","3.930,35","3.964,41","3.971,56","3.925,30","1,62K","-0,76%"
"16.02.2022","3.960,41","3.950,99","3.970,75","3.950,99","1,25K","0,32%"
"15.02.2022","3.947,59","3.944,88","3.956,30","3.933,20","1,34K","0,16%"
"14.02.2022","3.941,48","3.928,99","3.947,58","3.914,03","1,44K","0,51%"
"11.02.2022","3.921,42","3.924,00","3.933,41","3.898,00","1,13K","0,13%"
"10.02.2022","3.916,44","3.937,73","3.939,00","3.900,72","1,85K","-0,35%"
"09.02.2022","3.930,16","3.948,00","3.957,41","3.927,22","1,30K","-0,29%"
"08.02.2022","3.941,63","3.965,60","3.983,00","3.937,61","1,23K","-0,44%"
"07.02.2022","3.959,23","3.952,55","3.974,71","3.943,33","1,19K","0,33%"
"04.02.2022","3.946,18","3.956,44","3.975,00","3.946,16","1,62K","-0,10%"
"03.02.2022","3.950,06","3.935,01","3.960,00","3.925,62","1,76K","0,55%"
"02.02.2022","3.928,64","3.925,50","3.940,00","3.910,00","1,64K","0,24%"
"01.02.2022","3.919,13","3.947,78","3.947,78","3.913,84","1,49K","-0,57%"
"31.01.2022","3.941,41","3.958,00","3.970,00","3.932,81","0,95K","-0,26%"
"28.01.2022","3.951,63","3.963,00","3.995,00","3.952,21","1,38K","-0,13%"
"27.01.2022","3.956,63","3.930,00","3.971,50","3.924,00","1,88K","0,83%"
"26.01.2022","3.924,22","3.968,15","3.975,01","3.925,61","1,80K","-0,99%"
"25.01.2022","3.963,56","3.976,50","4.004,00","3.962,50","1,59K","-0,21%"
"24.01.2022","3.971,91","3.956,44","3.980,60","3.954,46","0,81K","0,49%"
"21.01.2022","3.952,44","3.975,00","3.988,00","3.951,60","1,49K","-0,47%"
"20.01.2022","3.971,01","3.994,35","3.994,35","3.966,50","1,12K","-0,48%"
"19.01.2022","3.990,36","4.037,20","4.037,20","3.990,00","1,09K","-1,06%"
"18.01.2022","4.033,20","4.007,25","4.041,75","4.004,51","1,38K","0,75%"
"17.01.2022","4.003,26","4.007,25","4.007,25","4.007,25","","0,00%"
"14.01.2022","4.003,26","3.967,41","4.017,50","3.954,00","1,00K","1,01%"
"13.01.2022","3.963,41","3.974,50","3.987,17","3.941,46","0,61K","-0,18%"
"12.01.2022","3.970,51","3.991,91","3.996,00","3.961,67","1,04K","-0,44%"
"11.01.2022","3.987,91","4.051,05","4.051,05","3.991,27","0,88K","-1,46%"
"10.01.2022","4.047,06","4.051,05","4.052,64","4.046,00","0,51K","0,00%"
"07.01.2022","4.047,06","4.034,50","4.059,98","4.024,00","1,03K","0,41%"
"06.01.2022","4.030,51","4.025,50","4.065,00","4.023,88","0,82K","0,21%"
"05.01.2022","4.022,10","4.080,20","4.081,09","4.014,00","0,76K","-1,34%"
"04.01.2022","4.076,80","4.070,00","4.091,50","4.067,97","0,66K","0,25%"
"03.01.2022","4.066,60","4.070,00","4.105,50","4.036,00","0,62K","0,03%"
"31.12.2021","4.065,41","4.070,00","4.075,74","4.064,17","0,42K","0,00%"
"30.12.2021","4.065,41","4.039,05","4.054,98","4.004,25","0,65K","0,77%"
"29.12.2021","4.034,46","4.009,00","4.040,00","4.005,00","0,66K","0,72%"
"28.12.2021","4.005,60","4.000,00","4.011,75","3.994,50","0,62K","0,23%"
"27.12.2021","3.996,60","3.991,00","4.000,00","3.980,00","0,85K","0,23%"
"24.12.2021","3.987,60","4.000,00","4.005,50","3.987,50","0,55K","-0,23%"
"23.12.2021","3.996,60","3.999,99","4.002,98","3.991,40","0,71K","0,00%"
"22.12.2021","3.996,59","4.001,90","4.002,90","3.989,80","0,80K","-0,05%"
"21.12.2021","3.998,50","4.006,50","4.007,01","3.988,80","0,81K","-0,11%"
"20.12.2021","4.003,10","3.974,32","4.011,64","3.972,64","0,75K","0,81%"
"17.12.2021","3.970,92","4.018,80","4.033,50","3.969,80","1,10K","-1,11%"
"16.12.2021","4.015,40","4.000,30","4.022,50","3.987,05","1,28K","0,46%"
"15.12.2021","3.996,90","4.006,00","4.008,00","3.975,01","1,19K","-0,14%"
"14.12.2021","4.002,60","3.890,75","4.006,20","3.890,75","1,03K","2,96%"
"13.12.2021","3.887,35","3.900,00","3.900,20","3.875,80","1,31K","-0,24%"
"10.12.2021","3.896,60","3.903,00","3.907,54","3.876,00","1,20K","-0,08%"
"09.12.2021","3.899,60","3.894,00","3.911,00","3.890,55","1,33K","0,23%"
"08.12.2021","3.890,60","3.910,98","3.915,75","3.894,00","0,51K","-0,43%"
"07.12.2021","3.907,58","3.932,50","3.935,25","3.892,05","1,99K","-0,55%"
"06.12.2021","3.929,10","3.966,20","3.972,14","3.929,08","1,67K","-0,87%"
"03.12.2021","3.963,40","3.937,00","3.973,64","3.924,00","1,20K","0,74%"
"02.12.2021","3.934,20","3.966,56","3.967,41","3.925,10","1,31K","-0,75%"
"01.12.2021","3.963,76","3.995,00","3.997,52","3.937,20","1,57K","-0,71%"
"30.11.2021","3.992,20","4.035,00","4.040,00","3.990,50","1,52K","-0,92%"
"29.11.2021","4.029,23","4.007,00","4.039,51","3.993,61","1,09K","0,70%"
"26.11.2021","4.001,23","3.981,00","4.025,00","3.979,01","1,01K","0,65%"
"25.11.2021","3.975,23","3.974,50","3.981,00","3.963,85","0,58K","0,16%"
"24.11.2021","3.968,73","3.950,00","3.992,50","3.950,00","2,05K","0,62%"
"23.11.2021","3.944,23","3.925,75","3.957,00","3.923,79","2,01K","0,62%"
"22.11.2021","3.919,98","3.914,00","3.931,00","3.898,20","1,58K","0,30%"
"19.11.2021","3.908,23","3.935,00","3.949,50","3.911,87","1,13K","-0,47%"
"18.11.2021","3.926,75","3.919,00","3.960,65","3.915,93","1,13K","0,26%"
"17.11.2021","3.916,53","3.895,00","3.936,00","3.892,80","1,51K","0,62%"
"16.11.2021","3.892,53","3.884,80","3.912,00","3.884,31","1,47K","0,26%"
"15.11.2021","3.882,33","3.882,80","3.885,14","3.882,67","0,46K","0,05%"
"12.11.2021","3.880,33","3.879,00","3.900,00","3.875,26","3,02K","0,10%"
"11.11.2021","3.876,53","3.877,50","3.887,32","3.876,59","0,56K","0,04%"
"10.11.2021","3.875,03","3.866,99","3.884,00","3.862,00","1,34K","0,27%"
"09.11.2021","3.864,52","3.877,00","3.892,84","3.864,70","1,38K","-0,26%"
"08.11.2021","3.874,53","3.872,50","3.890,30","3.857,00","1,20K","0,12%"
"05.11.2021","3.870,03","3.872,00","3.898,90","3.863,70","1,42K","0,01%"
"04.11.2021","3.869,53","3.830,10","3.885,00","3.818,75","2,09K","1,09%"
"03.11.2021","3.827,63","3.799,00","3.852,95","3.793,57","2,26K","0,82%"
"02.11.2021","3.796,53","3.760,00","3.799,00","3.757,10","1,57K","1,04%"
"01.11.2021","3.757,53","3.760,00","3.767,62","3.757,03","0,54K","0,00%"
"29.10.2021","3.757,53","3.779,50","3.798,30","3.760,00","1,55K","-0,47%"
"28.10.2021","3.775,23","3.760,00","3.778,56","3.749,00","0,95K","0,47%"
"27.10.2021","3.757,53","3.771,50","3.771,69","3.751,60","1,13K","-0,24%"
"26.10.2021","3.766,48","3.767,00","3.779,00","3.765,91","1,17K","0,05%"
"25.10.2021","3.764,53","3.768,00","3.775,14","3.757,00","1,39K","-0,03%"
"22.10.2021","3.765,53","3.781,00","3.789,00","3.766,47","1,25K","-0,34%"
"21.10.2021","3.778,53","3.768,09","3.788,00","3.765,43","1,37K","0,34%"
"20.10.2021","3.765,62","3.766,80","3.776,50","3.760,00","1,92K","0,03%"
"19.10.2021","3.764,33","3.769,00","3.772,00","3.750,50","1,43K","-0,06%"
"18.10.2021","3.766,53","3.763,67","3.774,00","3.758,00","0,51K","0,14%"
"15.10.2021","3.761,20","3.769,50","3.785,30","3.755,55","1,40K","-0,15%"
"14.10.2021","3.767,03","3.740,00","3.774,45","3.734,61","1,79K","0,79%"
"13.10.2021","3.737,53","3.721,50","3.745,00","3.713,50","1,34K","0,50%"
"12.10.2021","3.719,03","3.753,00","3.773,32","3.716,68","2,08K","-0,84%"
"11.10.2021","3.750,53","3.767,35","3.767,35","3.753,00","0,62K","-0,38%"
"08.10.2021","3.764,88","3.774,50","3.775,56","3.757,98","1,31K","-0,19%"
"07.10.2021","3.772,03","3.788,00","3.788,00","3.761,63","1,67K","-0,36%"
"06.10.2021","3.785,53","3.783,50","3.804,50","3.777,10","1,22K","0,12%"
"05.10.2021","3.781,03","3.790,00","3.804,58","3.781,98","1,68K","-0,17%"
"04.10.2021","3.787,53","3.790,00","3.799,30","3.776,00","2,05K","0,00%"
"01.10.2021","3.787,53","3.807,80","3.807,80","3.767,00","3,97K","-0,47%"
"30.09.2021","3.805,33","3.836,00","3.839,00","3.803,00","1,32K","-0,74%"
"29.09.2021","3.833,53","3.834,00","3.845,26","3.823,40","1,58K","0,05%"
"28.09.2021","3.831,53","3.843,25","3.850,41","3.830,10","1,53K","-0,24%"
"27.09.2021","3.840,78","3.834,57","3.847,12","3.832,67","1,17K","0,23%"
"24.09.2021","3.832,10","3.834,00","3.867,19","3.832,00","2,02K","0,01%"
"23.09.2021","3.831,53","3.833,00","3.841,70","3.827,64","1,41K","0,03%"
"22.09.2021","3.830,53","3.837,25","3.841,74","3.822,50","1,54K","-0,11%"
"21.09.2021","3.834,78","3.844,00","3.849,70","3.835,00","1,21K","-0,18%"
"20.09.2021","3.841,53","3.827,50","3.862,00","3.824,68","1,46K","0,43%"
"17.09.2021","3.825,03","3.817,17","3.839,30","3.811,76","1,34K","0,27%"
"16.09.2021","3.814,70","3.815,00","3.829,32","3.803,46","1,20K","0,06%"
"15.09.2021","3.812,53","3.830,49","3.837,09","3.807,19","0,96K","-0,40%"
"14.09.2021","3.828,02","3.830,60","3.837,73","3.816,83","1,05K","0,00%"
"13.09.2021","3.828,13","3.835,00","3.843,48","3.822,59","0,98K","-0,11%"
"10.09.2021","3.832,53","3.843,70","3.846,42","3.825,93","1,21K","-0,23%"
"09.09.2021","3.841,23","3.816,55","3.844,08","3.811,35","0,91K","0,71%"
"08.09.2021","3.814,08","3.800,00","3.824,59","3.798,20","0,97K","0,44%"
"07.09.2021","3.797,53","3.800,00","3.820,98","3.795,51","1,20K","0,00%"
"06.09.2021","3.797,53","3.800,00","3.800,00","3.800,00","","0,00%"
"03.09.2021","3.797,53","3.795,00","3.809,33","3.773,00","1,19K","0,13%"
"02.09.2021","3.792,53","3.760,00","3.801,97","3.755,54","1,10K","0,93%"
"01.09.2021","3.757,53","3.769,15","3.777,64","3.738,90","1,39K","-0,24%"
"31.08.2021","3.766,68","3.816,75","3.819,88","3.761,50","1,37K","-1,21%"
"30.08.2021","3.812,65","3.829,01","3.836,58","3.796,95","1,07K","-0,32%"
"27.08.2021","3.824,91","3.867,75","3.867,75","3.822,23","0,98K","-1,06%"
"26.08.2021","3.865,75","3.865,50","3.880,00","3.861,45","1,26K","0,06%"
"25.08.2021","3.863,50","3.867,00","3.877,26","3.853,16","1,26K","-0,04%"
"24.08.2021","3.865,00","3.881,95","3.881,95","3.849,60","1,50K","-0,39%"
"23.08.2021","3.879,95","3.872,00","3.882,84","3.847,00","1,18K","0,26%"
"20.08.2021","3.870,00","3.870,40","3.889,00","3.863,65","1,36K","0,09%"
"19.08.2021","3.866,40","3.851,50","3.892,00","3.848,28","1,24K","0,49%"
"18.08.2021","3.847,50","3.880,00","3.886,65","3.847,23","1,20K","-0,74%"
"17.08.2021","3.876,00","3.842,20","3.885,00","3.840,75","0,88K","0,98%"
"16.08.2021","3.838,20","3.842,20","3.854,45","3.838,88","0,49K","0,00%"
"13.08.2021","3.838,20","3.859,00","3.859,00","3.813,50","0,99K","-0,44%"
"12.08.2021","3.855,00","3.942,20","3.953,93","3.848,01","1,28K","-2,11%"
"11.08.2021","3.938,20","3.968,00","3.971,94","3.940,80","3,90K","-0,65%"
"10.08.2021","3.964,00","3.997,35","4.009,14","3.960,05","1,24K","-0,73%"
"09.08.2021","3.993,35","3.967,10","4.002,41","3.956,64","0,95K","0,76%"
"06.08.2021","3.963,10","3.918,00","3.976,07","3.907,32","1,51K","1,25%"
"05.08.2021","3.914,00","3.903,00","3.923,12","3.895,00","1,52K","0,38%"
"04.08.2021","3.899,00","3.909,75","3.924,78","3.888,30","1,35K","-0,17%"
"03.08.2021","3.905,75","3.891,50","3.926,09","3.886,00","3,85K","0,47%"
"02.08.2021","3.887,50","3.878,00","3.895,78","3.835,27","4,42K","0,35%"
"30.07.2021","3.874,00","3.847,60","3.886,14","3.841,65","3,70K","0,79%"
"29.07.2021","3.843,60","3.873,50","3.877,42","3.826,95","4,06K","-0,62%"
"28.07.2021","3.867,50","3.932,00","3.936,90","3.873,00","3,24K","-1,54%"
"27.07.2021","3.928,00","3.913,50","3.939,70","3.897,00","1,09K","0,47%"
"26.07.2021","3.909,50","3.889,00","3.917,81","3.889,00","4,45K","0,63%"
"23.07.2021","3.885,00","3.870,20","3.890,00","3.857,18","3,17K","0,49%"
"22.07.2021","3.866,20","3.855,00","3.879,34","3.847,43","5,54K","0,39%"
"21.07.2021","3.851,00","3.835,50","3.872,05","3.835,50","4,36K","0,51%"
"20.07.2021","3.831,50","3.835,50","3.848,58","3.833,77","2,96K","0,00%"
"19.07.2021","3.831,50","3.817,60","3.858,35","3.817,60","2,97K","0,47%"
"16.07.2021","3.813,60","3.816,02","3.821,33","3.797,94","3,26K","0,04%"
"15.07.2021","3.812,02","3.794,02","3.820,02","3.793,26","4,97K","0,58%"
"14.07.2021","3.790,02","3.823,20","3.823,20","3.786,90","5,46K","-0,76%"
"13.07.2021","3.819,20","3.822,10","3.836,95","3.812,90","0,88K","0,03%"
"12.07.2021","3.818,10","3.831,00","3.840,50","3.814,50","4,44K","-0,23%"
"09.07.2021","3.827,00","3.841,00","3.846,72","3.812,05","0,81K","-0,26%"
"08.07.2021","3.837,00","3.832,00","3.864,50","3.830,88","4,42K","0,24%"
"07.07.2021","3.828,00","3.779,50","3.834,72","3.773,48","3,36K","1,39%"
"06.07.2021","3.775,50","3.742,00","3.800,00","3.739,89","1,06K","0,98%"
"05.07.2021","3.739,00","3.742,00","3.742,00","3.742,00","","0,00%"
"02.07.2021","3.739,00","3.778,00","3.799,00","3.742,00","0,50K","-0,98%"
"01.07.2021","3.776,00","3.750,00","3.793,00","3.725,80","4,17K","0,77%"
"30.06.2021","3.747,00","3.767,50","3.774,80","3.728,80","4,72K","-0,46%"
"29.06.2021","3.764,50","3.703,00","3.777,00","3.703,00","4,40K","1,74%"
"28.06.2021","3.700,00","3.745,15","3.754,08","3.702,80","6,15K","-1,13%"
"25.06.2021","3.742,15","3.766,25","3.774,00","3.724,23","3,53K","-0,56%"
"24.06.2021","3.763,25","3.784,05","3.784,05","3.753,50","4,47K","-0,47%"
"23.06.2021","3.781,05","3.782,10","3.789,99","3.749,35","1,16K","0,05%"
"22.06.2021","3.779,10","3.760,05","3.798,00","3.759,10","1,04K","0,59%"
"21.06.2021","3.757,05","3.769,00","3.769,00","3.740,00","0,87K","-0,24%"
"18.06.2021","3.766,00","3.729,00","3.769,50","3.724,69","4,53K","1,07%"
"17.06.2021","3.726,00","3.674,00","3.739,00","3.674,00","1,19K","1,48%"
"16.06.2021","3.671,75","3.698,00","3.705,22","3.674,00","3,43K","-0,65%"
"15.06.2021","3.695,75","3.654,50","3.705,95","3.654,50","0,67K","1,19%"
"14.06.2021","3.652,25","3.654,50","3.660,00","3.644,09","2,46K","0,00%"
"11.06.2021","3.652,25","3.606,00","3.657,50","3.591,90","3,91K","1,35%"
"10.06.2021","3.603,75","3.588,93","3.609,00","3.578,50","4,03K","0,47%"
"09.06.2021","3.586,93","3.594,60","3.599,28","3.573,00","4,49K","-0,15%"
"08.06.2021","3.592,35","3.607,50","3.613,19","3.584,26","4,76K","-0,36%"
"07.06.2021","3.605,25","3.607,50","3.615,11","3.600,74","2,81K","0,00%"
"04.06.2021","3.605,25","3.661,00","3.661,36","3.593,60","5,76K","-1,46%"
"03.06.2021","3.658,75","3.653,50","3.673,00","3.642,00","5,60K","0,21%"
"02.06.2021","3.651,25","3.666,30","3.666,30","3.624,95","4,60K","-0,35%"
"01.06.2021","3.664,05","3.708,00","3.708,00","3.662,30","4,80K","-1,13%"
"31.05.2021","3.705,75","3.708,00","3.709,61","3.705,38","0,42K","0,00%"
"28.05.2021","3.705,75","3.721,71","3.733,75","3.703,19","3,74K","-0,37%"
"27.05.2021","3.719,46","3.743,00","3.747,20","3.721,71","4,51K","-0,57%"
"26.05.2021","3.740,75","3.739,50","3.760,00","3.733,47","4,84K","0,09%"
"25.05.2021","3.737,25","3.734,50","3.747,00","3.720,91","4,27K","0,13%"
"24.05.2021","3.732,25","3.747,00","3.768,80","3.732,00","4,50K","-0,33%"
"21.05.2021","3.744,75","3.718,80","3.753,70","3.708,00","3,40K","0,80%"
"20.05.2021","3.715,05","3.684,95","3.748,00","3.681,26","5,25K","0,86%"
"19.05.2021","3.683,45","3.660,00","3.695,00","3.656,34","5,11K","0,87%"
"18.05.2021","3.651,56","3.685,50","3.686,09","3.643,35","5,62K","-0,85%"
"17.05.2021","3.682,88","3.685,50","3.689,25","3.679,49","3,11K","0,00%"
"14.05.2021","3.682,88","3.721,10","3.725,64","3.668,00","4,97K","-0,96%"
"13.05.2021","3.718,48","3.750,50","3.753,75","3.711,50","2,46K","-0,78%"
"12.05.2021","3.747,88","3.712,00","3.753,00","3.704,93","5,39K","1,04%"
"11.05.2021","3.709,38","3.706,80","3.728,80","3.684,00","4,39K","0,14%"
"10.05.2021","3.704,18","3.750,00","3.756,57","3.703,64","4,79K","-1,15%"
"07.05.2021","3.747,38","3.804,00","3.805,07","3.749,73","5,33K","-1,42%"
"06.05.2021","3.801,38","3.851,00","3.860,17","3.776,89","5,02K","-1,22%"
"05.05.2021","3.848,38","3.829,50","3.866,75","3.812,50","5,29K","0,59%"
"04.05.2021","3.825,75","3.804,95","3.846,00","3.800,56","5,26K","0,62%"
"03.05.2021","3.802,00","3.753,30","3.834,00","3.745,10","4,06K","1,35%"
"30.04.2021","3.751,43","3.715,10","3.759,05","3.709,59","4,42K","1,03%"
"29.04.2021","3.713,23","3.696,00","3.728,13","3.689,16","4,45K","0,52%"
"28.04.2021","3.694,13","3.718,25","3.723,57","3.691,35","5,21K","-0,59%"
"27.04.2021","3.716,00","3.695,00","3.738,10","3.679,27","4,68K","0,62%"
"26.04.2021","3.693,13","3.628,50","3.696,00","3.626,49","5,26K","1,82%"
"23.04.2021","3.627,00","3.635,35","3.651,60","3.624,00","4,65K","-0,19%"
"22.04.2021","3.633,85","3.614,00","3.643,60","3.597,00","5,26K","0,59%"
"21.04.2021","3.612,50","3.643,00","3.653,90","3.612,00","4,15K","-0,80%"
"20.04.2021","3.641,50","3.627,00","3.645,40","3.620,61","3,74K","0,44%"
"19.04.2021","3.625,50","3.603,00","3.630,80","3.593,21","3,80K","0,66%"
"16.04.2021","3.601,88","3.612,00","3.622,17","3.587,55","4,45K","-0,24%"
"15.04.2021","3.610,50","3.656,80","3.656,80","3.604,70","4,04K","-1,23%"
"14.04.2021","3.655,30","3.668,50","3.682,79","3.652,30","5,32K","-0,32%"
"13.04.2021","3.667,00","3.665,00","3.676,70","3.656,50","4,58K","0,10%"
"12.04.2021","3.663,50","3.659,50","3.666,50","3.638,02","4,24K","0,15%"
"09.04.2021","3.658,00","3.629,05","3.662,50","3.629,05","4,64K","0,84%"
"08.04.2021","3.627,55","3.654,59","3.656,89","3.626,03","4,85K","-0,70%"
"07.04.2021","3.653,09","3.636,50","3.662,50","3.616,70","5,57K","0,49%"
"06.04.2021","3.635,25","3.674,00","3.674,13","3.632,00","3,84K","-1,02%"
"05.04.2021","3.672,75","3.661,70","3.676,08","3.631,29","4,39K","0,51%"
"02.04.2021","3.654,20","3.661,70","3.662,06","3.653,71","0,31K","0,00%"
"01.04.2021","3.654,20","3.661,70","3.665,35","3.652,63","0,45K","-0,13%"
"31.03.2021","3.658,95","3.730,00","3.730,38","3.659,50","0,94K","-1,83%"
"30.03.2021","3.727,25","3.718,99","3.755,00","3.713,65","1,07K","0,30%"
"29.03.2021","3.716,24","3.689,89","3.719,50","3.689,89","0,99K","0,79%"
"26.03.2021","3.687,14","3.668,00","3.690,60","3.640,00","4,88K","0,60%"
"25.03.2021","3.665,25","3.649,40","3.669,49","3.645,10","5,32K","0,51%"
"24.03.2021","3.646,65","3.619,50","3.650,50","3.608,49","5,29K","0,83%"
"23.03.2021","3.616,75","3.559,40","3.620,40","3.553,94","5,63K","1,67%"
"22.03.2021","3.557,40","3.558,90","3.570,00","3.554,65","0,92K","0,01%"
"19.03.2021","3.556,90","3.547,10","3.568,30","3.538,03","4,90K","0,33%"
"18.03.2021","3.545,10","3.571,00","3.595,00","3.538,55","5,88K","-0,68%"
"17.03.2021","3.569,25","3.559,50","3.583,51","3.557,98","4,80K","0,32%"
"16.03.2021","3.557,75","3.559,00","3.567,77","3.540,26","5,40K","0,11%"
"15.03.2021","3.554,00","3.576,00","3.591,25","3.556,14","4,52K","-0,55%"
"12.03.2021","3.573,50","3.556,00","3.589,88","3.548,57","5,53K","0,56%"
"11.03.2021","3.553,50","3.552,75","3.557,06","3.515,68","6,41K","0,07%"
"10.03.2021","3.551,00","3.592,50","3.594,26","3.545,38","5,65K","-1,11%"
"09.03.2021","3.590,75","3.604,70","3.611,93","3.587,20","5,53K","-0,34%"
"08.03.2021","3.602,95","3.635,15","3.661,85","3.600,88","5,56K","-0,84%"
"05.03.2021","3.633,40","3.644,90","3.671,56","3.614,50","6,27K","-0,27%"
"04.03.2021","3.643,15","3.681,09","3.681,72","3.621,50","5,94K","-0,98%"
"03.03.2021","3.679,34","3.656,50","3.682,06","3.651,59","6,15K","0,68%"
"02.03.2021","3.654,50","3.619,50","3.662,38","3.616,96","5,64K","1,01%"
"01.03.2021","3.618,00","3.647,00","3.648,02","3.602,50","5,68K","-0,73%"
"26.02.2021","3.644,50","3.610,45","3.651,95","3.603,40","5,12K","1,01%"
"25.02.2021","3.607,95","3.565,00","3.612,03","3.564,00","4,84K","1,28%"
"24.02.2021","3.562,50","3.594,50","3.594,50","3.562,00","5,18K","-0,82%"
"23.02.2021","3.592,00","3.593,50","3.598,74","3.582,03","4,89K","0,03%"
"22.02.2021","3.591,00","3.571,80","3.624,50","3.566,40","5,23K","0,61%"
"19.02.2021","3.569,30","3.547,33","3.579,00","3.532,00","6,31K","0,69%"
"18.02.2021","3.544,83","3.528,20","3.549,35","3.516,10","6,02K","0,54%"
"17.02.2021","3.525,70","3.523,50","3.566,85","3.517,48","4,81K","0,15%"
"16.02.2021","3.520,45","3.496,50","3.531,00","3.487,76","5,16K","0,90%"
"15.02.2021","3.489,00","3.496,50","3.504,13","3.481,90","3,57K","-0,16%"
"12.02.2021","3.494,50","3.526,50","3.540,64","3.496,00","5,73K","-0,85%"
"11.02.2021","3.524,50","3.559,50","3.561,47","3.517,50","5,36K","-0,93%"
"10.02.2021","3.557,75","3.576,30","3.586,50","3.541,00","6,05K","-0,47%"
"09.02.2021","3.574,55","3.571,00","3.597,95","3.561,68","5,96K","0,15%"
"08.02.2021","3.569,25","3.555,50","3.575,50","3.538,77","4,89K","0,44%"
"05.02.2021","3.553,75","3.558,19","3.567,14","3.531,10","5,23K","-0,08%"
"04.02.2021","3.556,44","3.535,71","3.577,41","3.525,87","5,18K","0,64%"
"03.02.2021","3.533,83","3.529,21","3.545,27","3.510,00","4,86K","0,18%"
"02.02.2021","3.527,33","3.573,00","3.573,00","3.507,50","5,47K","-1,23%"
"01.02.2021","3.571,13","3.569,00","3.584,71","3.540,00","4,84K","0,10%"
"29.01.2021","3.567,63","3.560,00","3.580,54","3.538,71","4,48K","0,25%"
"28.01.2021","3.558,63","3.606,00","3.633,23","3.554,83","4,32K","-1,26%"
"27.01.2021","3.604,13","3.613,50","3.665,91","3.605,68","5,37K","-0,21%"
"26.01.2021","3.611,63","3.588,00","3.614,70","3.560,05","5,09K","0,72%"
"25.01.2021","3.585,88","3.527,71","3.616,66","3.527,71","5,09K","1,71%"
"22.01.2021","3.525,58","3.481,78","3.537,05","3.477,48","4,42K","1,32%"
"21.01.2021","3.479,66","3.467,00","3.492,60","3.450,00","4,74K","0,43%"
"20.01.2021","3.464,88","3.491,66","3.496,00","3.463,49","3,77K","-0,71%"
"19.01.2021","3.489,53","3.478,00","3.508,69","3.451,05","4,73K","0,39%"
"18.01.2021","3.475,88","3.462,10","3.482,84","3.461,54","0,67K","0,46%"
"15.01.2021","3.459,98","3.446,44","3.480,30","3.446,44","4,60K","0,45%"
"14.01.2021","3.444,31","3.476,94","3.484,40","3.445,78","4,48K","-0,87%"
"13.01.2021","3.474,69","3.477,00","3.497,79","3.463,21","4,81K","0,00%"
"12.01.2021","3.474,75","3.501,00","3.504,58","3.462,60","4,10K","-0,50%"
"11.01.2021","3.492,25","3.468,90","3.525,82","3.464,77","3,65K","0,75%"
"08.01.2021","3.466,40","3.489,99","3.500,01","3.465,01","5,33K","-0,59%"
"07.01.2021","3.486,99","3.414,55","3.495,70","3.411,84","7,74K","2,19%"
"06.01.2021","3.412,30","3.444,00","3.444,63","3.409,75","8,39K","-0,84%"
"05.01.2021","3.441,25","3.449,50","3.470,02","3.429,73","7,60K","-0,18%"
"04.01.2021","3.447,50","3.422,00","3.453,62","3.379,71","7,36K","0,97%"
"01.01.2021","3.414,50","3.422,00","3.422,00","3.422,00","","0,00%"
"31.12.2020","3.414,50","3.422,00","3.436,47","3.412,51","0,62K","-0,15%"
"30.12.2020","3.419,50","3.474,50","3.475,16","3.413,88","0,96K","-1,51%"
"29.12.2020","3.472,00","3.500,00","3.508,23","3.471,10","1,13K","-0,69%"
"28.12.2020","3.496,25","3.515,00","3.515,75","3.480,00","1,08K","-0,47%"
"25.12.2020","3.512,75","3.515,00","3.515,00","3.515,00","","0,00%"
"24.12.2020","3.512,75","3.500,00","3.521,64","3.479,75","0,98K","0,43%"
"23.12.2020","3.497,75","3.465,00","3.502,45","3.455,00","1,24K","1,01%"
"22.12.2020","3.462,75","3.431,00","3.466,00","3.423,90","7,34K","0,99%"
"21.12.2020","3.428,75","3.419,50","3.474,80","3.419,50","1,06K","0,34%"
"18.12.2020","3.417,25","3.414,10","3.427,95","3.410,82","6,33K","0,16%"
"17.12.2020","3.411,85","3.420,61","3.421,70","3.399,80","5,91K","-0,18%"
"16.12.2020","3.418,11","3.419,70","3.423,92","3.404,93","6,65K","0,03%"
"15.12.2020","3.417,20","3.428,00","3.435,85","3.414,15","6,61K","-0,24%"
"14.12.2020","3.425,50","3.438,10","3.439,50","3.409,00","4,73K","-0,29%"
"11.12.2020","3.435,60","3.420,45","3.441,95","3.416,55","6,62K","0,52%"
"10.12.2020","3.417,95","3.476,50","3.483,00","3.418,50","8,58K","-1,61%"
"09.12.2020","3.474,00","3.490,50","3.496,18","3.453,70","6,81K","-0,42%"
"08.12.2020","3.488,50","3.490,00","3.501,03","3.480,53","4,00K","0,01%"
"07.12.2020","3.488,00","3.466,00","3.496,09","3.466,00","7,36K","0,69%"
"04.12.2020","3.464,00","3.468,50","3.478,00","3.451,00","8,08K","-0,07%"
"03.12.2020","3.466,50","3.522,02","3.526,48","3.468,50","8,84K","-1,52%"
"02.12.2020","3.520,02","3.548,50","3.564,38","3.521,70","9,55K","-0,75%"
"01.12.2020","3.546,50","3.596,25","3.597,58","3.540,60","7,73K","-1,33%"
"30.11.2020","3.594,25","3.606,90","3.613,24","3.580,39","9,02K","-0,30%"
"27.11.2020","3.604,90","3.617,70","3.628,50","3.604,10","5,82K","-0,30%"
"26.11.2020","3.615,70","3.617,70","3.628,63","3.608,03","8,59K","0,00%"
"25.11.2020","3.615,70","3.636,00","3.647,00","3.611,34","7,51K","-0,50%"
"24.11.2020","3.634,00","3.647,55","3.656,07","3.629,25","7,83K","-0,32%"
"23.11.2020","3.645,55","3.632,95","3.649,22","3.611,00","8,22K","0,40%"
"20.11.2020","3.630,95","3.649,95","3.665,13","3.628,50","7,82K","-0,47%"
"19.11.2020","3.647,95","3.643,50","3.659,13","3.637,90","8,07K","0,18%"
"18.11.2020","3.641,50","3.644,50","3.659,51","3.623,69","7,27K","-0,03%"
"17.11.2020","3.642,50","3.644,40","3.652,90","3.617,65","8,24K","0,19%"
"16.11.2020","3.635,65","3.643,40","3.648,17","3.630,28","4,45K","-0,14%"
"13.11.2020","3.640,90","3.644,05","3.651,00","3.630,68","7,61K","-0,02%"
"12.11.2020","3.641,55","3.639,00","3.667,45","3.632,00","7,95K","0,21%"
"11.11.2020","3.634,00","3.631,50","3.646,47","3.623,81","0,73K","0,17%"
"10.11.2020","3.627,75","3.649,21","3.673,50","3.625,90","8,28K","-0,53%"
"09.11.2020","3.647,08","3.723,00","3.723,93","3.622,50","7,99K","-1,98%"
"06.11.2020","3.720,75","3.754,00","3.775,00","3.719,15","8,60K","-0,83%"
"05.11.2020","3.751,75","3.815,82","3.819,03","3.752,00","8,80K","-1,62%"
"04.11.2020","3.813,57","3.819,50","3.825,50","3.787,00","8,17K","-0,10%"
"03.11.2020","3.817,50","3.869,35","3.872,23","3.811,00","6,76K","-1,18%"
"02.11.2020","3.863,10","3.870,35","3.882,79","3.860,03","6,23K","-0,15%"
"30.10.2020","3.868,85","3.861,25","3.873,50","3.846,97","6,97K","0,24%"
"29.10.2020","3.859,75","3.830,00","3.866,00","3.828,92","3,69K","0,82%"
"28.10.2020","3.828,50","3.809,60","3.854,90","3.805,70","7,53K","0,55%"
"27.10.2020","3.807,60","3.814,85","3.820,15","3.797,88","6,35K","-0,14%"
"26.10.2020","3.812,85","3.789,50","3.818,77","3.783,89","5,16K","0,67%"
"23.10.2020","3.787,50","3.784,00","3.793,49","3.770,00","5,84K","0,15%"
"22.10.2020","3.782,00","3.766,50","3.795,90","3.754,50","6,38K","0,46%"
"21.10.2020","3.764,50","3.825,00","3.829,00","3.763,95","7,10K","-1,53%"
"20.10.2020","3.823,00","3.844,75","3.847,43","3.816,70","6,62K","-0,51%"
"19.10.2020","3.842,75","3.848,10","3.849,88","3.834,50","5,76K","-0,09%"
"16.10.2020","3.846,10","3.850,25","3.852,00","3.827,68","3,03K","-0,06%"
"15.10.2020","3.848,25","3.839,00","3.862,74","3.837,11","3,22K","0,29%"
"14.10.2020","3.837,00","3.862,00","3.863,02","3.835,00","1,21K","-0,60%"
"13.10.2020","3.860,00","3.828,00","3.864,02","3.825,92","3,34K","0,95%"
"12.10.2020","3.823,50","3.828,00","3.834,86","3.825,85","0,90K","0,00%"
"09.10.2020","3.823,50","3.839,50","3.839,90","3.814,95","4,07K","-0,37%"
"08.10.2020","3.837,75","3.844,20","3.848,80","3.830,72","3,62K","-0,12%"
"07.10.2020","3.842,45","3.833,00","3.850,00","3.808,88","4,31K","0,29%"
"06.10.2020","3.831,25","3.829,59","3.845,50","3.807,03","5,08K","0,09%"
"05.10.2020","3.827,84","3.872,00","3.878,24","3.827,38","4,92K","-1,08%"
"02.10.2020","3.869,75","3.845,50","3.905,45","3.845,50","5,42K","0,69%"
"01.10.2020","3.843,25","3.827,00","3.858,50","3.797,32","4,77K","0,47%"